keyword,frequency
alzheimer,374
disease,364
risk,124
genetic,89
association,76
study,70
variants,64
associated,63
analysis,56
brain,48
gene,43
novel,43
genes,41
data,40
loci,39
cognitive,38
identifies,37
sequencing,37
human,36
expression,35
dementia,34
polygenic,31
variant,24
using,23
levels,20
studies,18
effect,18
tau,18
protein,16
individuals,16
cohort,15
identification,15
blood,15
common,14
diseases,14
factors,14
functional,14
decline,13
variation,13
interaction,13
biomarkers,12
clinical,12
cerebrospinal,12
approach,12
genomic,12
impairment,12
aging,12
causal,12
genetics,11
effects,11
identify,11
older,11
fluid,11
memory,11
genome,11
project,11
pathology,11
across,11
molecular,11
learning,10
susceptibility,10
plasma,10
parkinson,10
pathways,10
associations,10
locus,10
hippocampal,9
cognition,9
prediction,9
mild,9
mechanisms,9
apolipoprotein,9
brains,9
impact,9
traits,9
schizophrenia,9
longitudinal,8
elderly,8
atrophy,8
changes,8
amyloid,8
pathway,8
genotype,8
evidence,8
role,8
genetically,8
performance,8
genomics,8
related,8
age,8
analyses,8
ancestry,8
resilience,8
phenotypes,7
increased,7
neurodegeneration,7
patterns,7
neuropathology,7
factor,7
sclerosis,7
cell,7
network,7
integrative,7
dna,7
structural,7
activation,6
interactions,6
identifying,6
csf,6
family,6
sporadic,6
identified,6
onset,6
involved,6
neuronal,6
overlap,6
dysregulation,6
noncoding,6
normal,6
methylation,6
underlying,6
regulates,6
stroke,6
response,6
model,6
insights,6
differences,6
quantitative,5
change,5
function,5
region,5
volume,5
integrated,5
assessment,5
cohorts,5
distinct,5
influence,5
neurodegenerative,5
missense,5
dementias,5
immunity,5
sequence,5
protective,5
exome,5
body,5
mutations,5
statistics,5
modeling,5
circulating,5
framework,5
regions,5
epigenetic,5
cerebral,5
transcriptome,5
mouse,5
linked,5
disorders,5
alleles,5
neuroimaging,4
initiative,4
mri,4
relationship,4
genotypes,4
comprehensive,4
imaging,4
matter,4
integrity,4
relationships,4
modulates,4
biomarker,4
subjects,4
complement,4
rate,4
cortical,4
significant,4
progression,4
pressure,4
two,4
features,4
proteins,4
diverse,4
index,4
signaling,4
frontotemporal,4
diagnosis,4
use,4
shared,4
influences,4
heart,4
etiology,4
persons,4
vitamin,4
activity,4
targeted,4
summary,4
diagnosed,4
sample,4
immune,4
vascular,4
transcriptional,4
microglia,4
epilepsy,4
provides,4
mitochondrial,4
heterogeneity,4
neurons,4
allele,4
robust,4
serum,4
key,4
deep,4
implications,3
variations,3
selective,3
multivariate,3
methods,3
search,3
modification,3
sensitivity,3
contribute,3
target,3
comparison,3
mutation,3
experiments,3
derived,3
therapeutic,3
targets,3
polymorphism,3
histone,3
early,3
increases,3
acute,3
near,3
three,3
modifiable,3
traumatic,3
injury,3
earlier,3
linkage,3
familial,3
sets,3
late,3
polymorphisms,3
variance,3
extended,3
palsy,3
disorder,3
acid,3
amyotrophic,3
lateral,3
mice,3
elevated,3
modifiers,3
hazard,3
cells,3
autosomal,3
cancer,3
genotyping,3
implicated,3
support,3
growth,3
spatial,3
may,3
ischemic,3
herpesvirus,3
predictors,3
regulation,3
trait,3
populations,3
predictor,3
mapping,3
liability,3
within,3
controls,3
homozygotes,3
patients,3
tissues,3
profiles,3
scalable,3
information,3
differential,3
stratification,3
based,3
women,3
modifies,3
longevity,3
bidirectional,3
metabolic,3
differentially,3
participants,3
metabolites,3
tissue,3
difference,3
accounting,3
knowledge,3
glial,3
reference,3
core,2
power,2
scale,2
antioxidants,2
measures,2
development,2
regulate,2
characterized,2
regulatory,2
elements,2
neuropsychiatric,2
center,2
predicting,2
parkinsonism,2
life,2
management,2
characterizing,2
nonlinear,2
analyzing,2
macular,2
degeneration,2
protects,2
dysfunction,2
greater,2
variability,2
phosphorylation,2
binding,2
healthy,2
haplotypes,2
inflammation,2
promoter,2
convergent,2
confirmed,2
myeloid,2
global,2
updated,2
calcium,2
homozygosity,2
correlations,2
enhances,2
due,2
chromatin,2
potential,2
markers,2
evolution,2
discovery,2
metabolism,2
spectrum,2
mental,2
deletion,2
phosphatase,2
preclinical,2
asymptomatic,2
decreased,2
pathological,2
correlation,2
innate,2
induced,2
scan,2
biology,2
cardiovascular,2
abilities,2
regulating,2
amino,2
enhancers,2
trajectories,2
marker,2
induces,2
transgenic,2
general,2
one,2
depression,2
landscape,2
associates,2
lobe,2
inferno,2
might,2
systematic,2
subgroups,2
lipid,2
approximation,2
bodies,2
children,2
symptoms,2
improved,2
causality,2
alcohol,2
consumption,2
critical,2
estrogen,2
expressed,2
testing,2
approaches,2
likelihood,2
failure,2
severe,2
cellular,2
alterations,2
dissection,2
physical,2
exhibits,2
ratio,2
trend,2
additive,2
regulator,2
established,2
vivo,2
resources,2
affected,2
reduced,2
phenotype,2
relations,2
medications,2
defining,2
evaluation,2
prior,2
neural,2
putative,2
negative,2
first,2
psychosis,2
characterization,2
induction,2
stem,2
receptor,2
consequences,2
weight,2
perturbations,2
known,2
astrocytes,2
social,2
incidence,2
mortality,2
alters,2
pathologies,2
educational,2
attainment,2
methodology,2
explore,2
biological,2
neurological,2
profiling,2
admixture,2
comparative,2
biochemical,2
health,2
higher,2
leveraging,2
explained,2
wgs,2
improve,2
aims,1
progress,1
loss,1
head,1
time,1
nonsteroidal,1
drugs,1
plaques,1
fluids,1
ica,1
ageing,1
drosophila,1
randomized,1
concepts,1
future,1
increasing,1
nucleus,1
performing,1
classification,1
microarray,1
visual,1
contrast,1
expansions,1
pancreatitis,1
agitation,1
aggression,1
pathogenic,1
recently,1
beta,1
modulated,1
cassette,1
transporter,1
subscale,1
questionnaire,1
receptors,1
precursor,1
thought,1
intermediate,1
neurotrophic,1
extensive,1
transitions,1
precursors,1
systolic,1
international,1
discover,1
lead,1
compounds,1
array,1
protocols,1
acetylation,1
batteries,1
datasets,1
predisposes,1
reassessment,1
enhancer,1
nucleotide,1
sequences,1
leukemia,1
located,1
lipids,1
potentially,1
old,1
cytoplasmic,1
nuclear,1
diabetic,1
consortium,1
comorbidity,1
amygdala,1
mark,1
anticholinergic,1
medication,1
prominent,1
heritable,1
toward,1
medicine,1
interpretation,1
frameshift,1
coronary,1
prolactin,1
prostatic,1
confer,1
without,1
intracranial,1
thyroid,1
hormone,1
neurotransmission,1
symptomatic,1
substrates,1
preliminary,1
inflammatory,1
screening,1
modulator,1
overview,1
introducing,1
cocos,1
codon,1
consequence,1
shift,1
elegans,1
silico,1
modifications,1
leukocyte,1
antigen,1
splicing,1
haplotype,1
lowers,1
implication,1
intellectual,1
magnetic,1
resonance,1
height,1
sexual,1
dimorphic,1
acids,1
assignment,1
subtypes,1
pancreatic,1
homocysteine,1
postmortem,1
oligodendrocytes,1
myelin,1
characteristics,1
enrichment,1
deposition,1
stages,1
abnormalities,1
pathogenesis,1
constraint,1
explain,1
impacted,1
replication,1
positron,1
tomography,1
images,1
conditional,1
dorsolateral,1
prefrontal,1
cortex,1
polymorphic,1
epidemiology,1
disruption,1
actively,1
epigenome,1
develop,1
analytic,1
treatment,1
parameter,1
survey,1
origin,1
perturbation,1
animal,1
prevention,1
mature,1
prevalent,1
statistical,1
barrier,1
prospective,1
bipolar,1
visualization,1
behavioural,1
dark,1
camouflaged,1
stratified,1
systemic,1
possibilities,1
towards,1
understanding,1
treating,1
results,1
cytosine,1
affects,1
examining,1
lowering,1
thickness,1
variable,1
reproducibility,1
scalability,1
packaging,1
maximize,1
reuse,1
benchmarking,1
melanoma,1
activates,1
inversely,1
mediation,1
permutation,1
low,1
compared,1
detect,1
synergy,1
transferrin,1
hemochromatosis,1
depressive,1
interplay,1
socioeconomic,1
predisposition,1
degree,1
specific,1
proteomic,1
composition,1
meningeal,1
lymphatics,1
conceptual,1
illness,1
probabilistic,1
inference,1
synonymous,1
prioritization,1
representation,1
conserved,1
fusiform,1
gyrus,1
independence,1
assumption,1
clustering,1
load,1
survival,1
outcomes,1
vitro,1
leverage,1
reliability,1
anticonvulsant,1
adverse,1
drug,1
cerebellar,1
frequently,1
somatic,1
uncommon,1
quantifying,1
contributes,1
tolerance,1
risky,1
behaviors,1
infer,1
phosphorylated,1
tailor,1
targeting,1
flow,1
cytometry,1
interpretable,1
mixture,1
subtyping,1
negatives,1
antihypertensive,1
recent,1
lack,1
supporting,1
strategies,1
wellbeing,1
personality,1
reconcile,1
debate,1
vaccine,1
previously,1
midlife,1
empirical,1
shrinkage,1
neocortical,1
upregulates,1
sequenced,1
driven,1
disequilibrium,1
splice,1
binomial,1
atherosclerosis,1
similar,1
sexes,1
proteolytic,1
synaptic,1
transmission,1
defect,1
haplogroups,1
secretory,1
connects,1
formation,1
accessibility,1
high,1
phenotypic,1
extremes,1
phase,1
feature,1
procedures,1
reflect,1
outcome,1
donors,1
leukotriene,1
coeruleus,1
indicator,1
infections,1
fluctuation,1
highlighting,1
including,1
hormones,1
evaluate,1
mammalian,1
functionalities,1
mediates,1
damages,1
expand,1
differentiation,1
knockout,1
embryonic,1
generalized,1
findings,1
mrna,1
challenges,1
lesions,1
contribution,1
organelle,1
isolation,1
loneliness,1
confounding,1
peptide,1
spillover,1
research,1
manifestations,1
evident,1
algorithm,1
cox,1
multicellular,1
posttranslational,1
volumetric,1
temporal,1
volumes,1
penetrance,1
mgmt,1
significantly,1
reduces,1
independently,1
intelligence,1
inclusion,1
diversity,1
distinctive,1
ways,1
advisory,1
group,1
education,1
open,1
causes,1
uric,1
level,1
gout,1
deconvolution,1
scheme,1
delirium,1
determining,1
whether,1
entities,1
autoimmune,1
pool,1
promotes,1
presence,1
patient,1
psychiatric,1
primate,1
chronic,1
effectiveness,1
safety,1
seizure,1
prophylaxis,1
benzodiazepine,1
aggregates,1
amyloidosis,1
analytes,1
several,1
hemorrhage,1
alternative,1
polyadenylation,1
excitatory,1
powerful,1
endothelial,1
striatal,1
glia,1
joint,1
haptoglobin,1
heterozygosity,1
birth,1
clonal,1
protection,1
pleiotropic,1
nerve,1
neurogenic,1
plasticity,1
suppressing,1
reactive,1
race,1
viral,1
species,1
actin,1
cytoskeleton,1
organization,1
forebrain,1
resource,1
harmonization,1
main,1
discoveries,1
dataset,1
principal,1
environmental,1
mediate,1
downregulation,1
synapse,1
impacting,1
resilient,1
relevance,1
theory,1
modulating,1
morphology,1
metabolomics,1
latent,1
isolates,1
underlie,1
shifts,1
autism,1
glutamate,1
employing,1
isoforms,1
predict,1
primary,1
patency,1
following,1
peripheral,1
arterial,1
revascularization,1
extension,1
generative,1
chromosome,1
pathologically,1
biomolecular,1
histological,1
dyslexia,1
widespread,1
transposable,1
predominant,1
